id,arrival_time,service_time,waiting_time,departure_time,time_in_system
0,0.0,5.3078204167244705,0.0,5.3078204167244705,5.3078204167244705
1,6.43670871285378,4.12763563908768,0.0,10.564344351941461,4.127635639087681
2,12.46378009290408,5.342814853157861,0.0,17.806594946061942,5.342814853157861
3,14.544803162870881,1.4484358386690297,3.261791783191061,19.255030784730973,4.710227621860092
4,17.721236394284023,4.445043921878624,1.5337943904469498,23.7000747066096,5.978838312325575
5,18.94722610828004,1.3777392823182009,4.752848598329557,25.0778139889278,6.130587880647759
6,21.59733370529876,5.573771997377286,3.480480283629042,30.651585986305086,9.054252281006328
7,26.132992876142566,1.3627995795938421,4.51859311016252,32.01438556589893,5.88139268975636
8,33.93012213845718,3.1908737240080955,0.0,37.12099586246527,3.1908737240080924
9,39.87149838252141,2.372112931834693,0.0,42.2436113143561,2.3721129318346925
10,42.110847519630376,5.794179127705624,0.13276379472572586,48.03779044206173,5.926942922431351
11,45.50765111633043,1.754560070043258,2.530139325731298,49.79235051210499,4.28469939577456
12,47.66307462282698,5.814279603630761,2.1292758892780057,55.60663011573575,7.943555492908764
13,54.40635624618107,3.8491547856110584,1.2002738695546782,59.4557849013468,5.049428655165734
14,59.64954671387556,5.832217508483939,0.0,65.4817642223595,5.832217508483943
15,60.7246569658402,4.865799851504798,4.757107256519305,70.3475640738643,9.622907108024108
16,67.66326626905514,1.0781685932569698,2.6842978048091624,71.42573266712128,3.762466398066138
17,71.8474000700776,1.0979561947408836,0.0,72.94535626481849,1.0979561947408882
18,79.61980545043733,1.8120122635493854,0.0,81.43181771398672,1.8120122635493914
19,85.51279662023376,3.8444352354870786,0.0,89.35723185572084,3.844435235487083
20,87.99218240367,1.03393255155697,1.3650494520508403,90.39116440727781,2.398982003607813
21,94.11893405065679,3.0129617463168636,0.0,97.13189579697365,3.0129617463168614
22,99.16762007906422,2.7277806631273895,0.0,101.89540074219161,2.7277806631273904
23,100.68905597261487,3.751310541954707,1.206344769576745,105.64671128414632,4.957655311531454
24,107.84698784937405,4.927673693433103,0.0,112.77466154280715,4.927673693433107
25,115.01961430341612,1.9810525985038099,0.0,117.00066690191993,1.9810525985038083
26,119.44761765146987,2.4252418703975227,0.0,121.8728595218674,2.425241870397528
27,124.73615042197335,3.7499912092292256,0.0,128.48614163120257,3.749991209229222
28,126.12044539881461,2.264662122646781,2.365696232387961,130.75080375384934,4.63035835503473
29,130.74865565543806,1.741461033508689,0.0021480984112827173,132.49226478735804,1.7436091319199818
30,135.87105852952297,4.27253204372701,0.0,140.14359057324998,4.272532043727011
31,136.9685979437272,4.983681380929029,3.174992629522791,145.127271954179,8.158674010451819
32,142.79419944913087,3.436712927580167,2.3330725050481362,148.56398488175918,5.769785432628311
33,147.64639995227716,2.1802698228616224,0.9175849294820182,150.7442547046208,3.097854752343636
34,154.5245452205614,2.589784613548813,0.0,157.1143298341102,2.589784613548801
35,157.5280937314668,3.9479023496874417,0.0,161.47599608115425,3.947902349687439
36,162.7229864199779,4.46438627377063,0.0,167.18737269374853,4.464386273770629
37,166.98551499248757,4.088171596716247,0.20185770126096259,171.27554429046478,4.290029297977213
38,172.14434656053132,2.95890405804957,0.0,175.1032506185809,2.958904058049569
39,176.29367147228652,3.9036664371701604,0.0,180.19733790945668,3.903666437170159
40,181.68678900838637,1.776238636612946,0.0,183.46302764499933,1.776238636612959
41,182.78108392179738,3.9081641871765247,0.6819437232019538,187.37119183217587,4.590107910378492
42,188.30746064517365,1.34861431590069,0.0,189.65607496107435,1.3486143159007042
43,196.28594590728017,4.370785417097969,0.0,200.65673132437814,4.370785417097977
44,200.7845515541755,5.771217085157122,0.0,206.55576863933263,5.771217085157133
45,207.84298938772685,1.3392441208531576,0.0,209.18223350858,1.3392441208531523
46,213.30816547344838,1.4513915935981916,0.0,214.7595570670466,1.4513915935982027
47,216.87837525787472,2.0473109062792627,0.0,218.92568616415397,2.0473109062792503
48,219.03389863949823,4.406112014527018,0.0,223.44001065402526,4.406112014527025
49,222.31748205194674,3.863908278708211,1.1225286020785177,227.30391893273347,4.9864368807867265
50,227.94543275820445,1.5605923290284098,0.0,229.50602508723287,1.5605923290284238
51,235.81544697966638,4.068490266786805,0.0,239.88393724645317,4.068490266786796
52,240.85819386075556,5.810873077061594,0.0,246.66906693781715,5.810873077061586
53,247.47652069714752,1.3134802236219991,0.0,248.79000092076953,1.3134802236220082
54,251.0587588306875,3.4891544644246713,0.0,254.54791329511218,3.489154464424672
55,252.8285672165188,2.4236241062990604,1.7193460785933894,256.97153740141124,4.142970184892448
56,259.6633884906921,4.909607936611426,0.0,264.57299642730356,4.909607936611451
57,267.4172067961807,3.9988338066928155,0.0,271.4160406028735,3.998833806692801
58,274.5617208182758,5.422967060366817,0.0,279.9846878786426,5.42296706036683
59,280.2097446922063,4.808267209003169,0.0,285.0180119012095,4.808267209003191
60,285.73800928539947,4.578900381639938,0.0,290.3169096670394,4.578900381639926
61,292.85504563918266,3.219734341669573,0.0,296.0747799808522,3.2197343416695503
62,298.5859061599172,2.2943404826858624,0.0,300.8802466426031,2.294340482685868
63,305.591189589717,5.769802766050494,0.0,311.36099235576745,5.769802766050475
64,308.5037492584325,5.239973931941846,2.8572430973349583,316.6009662877093,8.097217029276806
65,309.9212540731103,3.394913549464857,6.6797122145990215,319.99587983717413,10.074625764063853
66,314.2786611680133,5.18451617394561,5.717218669160843,325.18039601111974,10.901734843106453
67,316.36850033021864,5.825448620220245,8.811895680901102,331.00584463134,14.637344301121345
68,317.977034661023,2.971016595867873,13.028809970316956,333.97686122720785,15.999826566184822
69,324.852591515941,5.346755996597185,9.124269711266834,339.32361722380506,14.471025707864044
70,327.4419459857897,2.43713043136923,11.881671238015372,341.76074765517427,14.318801669384584
71,330.5727364687606,3.217222974324926,11.18801118641369,344.97797062949917,14.405234160738587
72,336.39275574275194,4.1694965485279285,8.585214886747224,349.1474671780271,12.75471143527517
73,343.7261136476378,3.1061073233850247,5.421353530389297,352.2535745014121,8.5274608537743
74,347.2441347715555,5.573645040495572,5.009439729856638,357.8272195419077,10.58308477035223
75,350.0865539304045,3.248206159949758,7.740665611503232,361.07542570185745,10.988871771452978
76,352.7219537014413,4.935484378118474,8.353472000416161,366.01091007997593,13.288956378534635
77,353.79573705291045,5.306979232229617,12.215173027065475,371.3178893122055,17.52215225929507
78,356.01262360821124,4.48095766083157,15.30526570399428,375.7988469730371,19.786223364825844
79,362.2297847735039,2.568893574066931,13.569062199533164,378.367740547104,16.137955773600083
80,366.1612105108266,1.216923019254525,12.2065300362774,379.58466356635853,13.423453055531922
81,369.42712624033896,1.0155782724471725,10.157537326019565,380.6002418388057,11.173115598466723
82,376.7218252397096,1.3306721140812685,3.878416599096113,381.93091395288695,5.20908871317738
83,381.1886827130343,2.9141874430502197,0.7422312398526287,384.84510139593715,3.6564186829028245
84,387.2866401134654,1.7273184928805987,0.0,389.013958606346,1.7273184928806131
85,389.3547992159559,2.694178341850829,0.0,392.0489775578067,2.6941783418508294
86,390.69928066961074,2.4848541852142234,1.3496968881959788,394.5338317430209,3.834551073410182
87,396.1877425886881,2.2825753219652998,0.0,398.47031791065336,2.2825753219652825
88,402.367832425493,2.1048149141553805,0.0,404.4726473396484,2.1048149141553836
89,404.71207390288055,3.8258557651190412,0.0,408.5379296679996,3.8258557651190586
90,410.66276133240916,4.714199644974348,0.0,415.37696097738353,4.7141996449743715
91,412.41151387570176,2.0973825323699127,2.965447101681775,417.47434350975345,5.062829634051695
92,415.8566309734011,1.651767905257744,1.6177125363523714,419.1261114150112,3.269480441610142
93,421.56190324076425,4.616414660031818,0.0,426.17831790079606,4.616414660031808
94,425.09484336455864,2.441386953056958,1.0834745362374179,428.619704853853,3.5248614892943806
95,426.70109955906094,4.646587896858703,1.918605294792087,433.2662927507117,6.565193191650792
96,428.49552570875113,5.258744050013524,4.770767041960596,438.5250368007253,10.029511091974143
97,433.23137590756824,3.3806521058429073,5.293660893157039,441.9056889065682,8.674312998999937
98,436.5671414323823,2.67654310967001,5.338547474185873,444.5822320162382,8.015090583855908
99,443.6350971427367,1.2977699110908687,0.9471348735015113,445.8800019273291,2.244904784592393
100,446.5726202658113,4.357517068130937,0.0,450.93013733394224,4.35751706813096
101,452.1744549971403,1.35379529152979,0.0,453.52825028867005,1.3537952915297637
102,456.8117344695604,5.993704203722152,0.0,462.80543867328254,5.993704203722132
103,463.3481154104762,3.854307188722135,0.0,467.20242259919837,3.854307188722146
104,465.61634857816927,5.647947761992866,1.5860740210291056,472.8503703611912,7.234021783021944
105,472.98230542262513,4.156646241705818,0.0,477.13895166433093,4.1566462417058005
106,476.6476228780532,4.8495407452657,0.4913287862777338,481.98849240959663,5.340869531543433
107,481.6178465568195,5.170822846467013,0.3706458527771588,487.1593152560636,5.541468699244149
108,484.989488620442,2.4378193482528516,2.1698266356216322,489.59713460431647,4.607645983874477
109,492.1816229452394,5.337245213007499,0.0,497.5188681582469,5.33724521300752
110,499.6175032345756,1.3067941536426388,0.0,500.92429738821824,1.3067941536426133
111,507.4726313331466,5.4103784412203435,0.0,512.8830097743669,5.410378441220303
112,509.00831275517305,2.492436463547731,3.8746970191938317,515.3754462379146,6.367133482741565
113,511.7220847824039,1.4972975647080669,3.6533614555107192,516.8727438026227,5.150659020218825
114,513.4286909482744,2.9680195775378078,3.4440528543483424,519.8407633801605,6.412072431886145
115,518.2723387608362,4.929480479012453,1.5684246193243325,524.770243859173,6.497905098336787
116,523.4230658689481,3.6151529869733174,1.34717799022485,528.3853968461463,4.962330977198121
117,525.1751808549769,2.052546168967738,3.2102159911693207,530.437943015114,5.262762160137072
118,529.879944419878,2.1681553793677706,0.5579985952359721,532.6060983944818,2.7261539746037897
119,533.9039024583232,5.269445107795387,0.0,539.1733475661185,5.269445107795377
120,539.3279617034842,5.07526053383208,0.0,544.4032222373163,5.075260533832079
121,546.0523062728573,5.235891347334594,0.0,551.2881976201919,5.2358913473345865
122,549.434655714076,4.066355076521891,1.853541906115879,555.3545526967138,5.919896982637738
123,555.7256603079845,4.578063246137278,0.0,560.3037235541218,4.578063246137276
124,559.8602630595224,2.5305460470182934,0.44346049459943515,562.8342696011401,2.9740065416177686
125,565.5032099099412,3.496122422913043,0.0,568.9993323328542,3.496122422913004
126,569.4427629194871,4.764127188237012,0.0,574.2068901077241,4.764127188237012
127,576.6513969277275,1.6797995511978705,0.0,578.3311964789254,1.6797995511979025
128,582.4837056549561,1.336272391192065,0.0,583.8199780461482,1.3362723911920966
129,590.1862558785689,1.1311666777801306,0.0,591.317422556349,1.1311666777801292
130,594.9364464578582,2.3260656782412332,0.0,597.2625121360994,2.326065678241207
131,597.1477196017725,2.780418086519824,0.11479253432696623,600.0429302226192,2.8952106208467967
132,604.8803170524847,5.607895006871009,0.0,610.4882120593556,5.60789500687099
133,606.6497402743703,1.294669805667892,3.8384717849853587,611.7828818650236,5.133141590653281
134,609.0341727914932,2.842822722364442,2.7487090735303354,614.625704587388,5.591531795894753
135,613.9892056456912,4.424167138911497,0.6364989416968001,619.0498717262994,5.060666080608257
136,620.8499798674637,4.3081047572683495,0.0,625.158084624732,4.308104757268325
137,625.3532586110443,4.470539381726956,0.0,629.8237979927713,4.470539381727008
138,632.936739148105,3.5572493716554523,0.0,636.4939885197604,3.5572493716554163
139,637.3022612605221,2.976109020894705,0.0,640.2783702814168,2.9761090208946825
140,638.7992321447038,4.889372091563551,1.4791381367130043,645.1677423729803,6.368510228276591
141,645.8558058215458,3.9878384264128255,0.0,649.8436442479587,3.98783842641285
142,653.0627079893559,5.5372423134358115,0.0,658.5999503027917,5.537242313435854
143,654.9274165912003,2.184695871751922,3.672533711591427,660.7846461745437,5.857229583343383
144,659.3015548325636,5.820785115208678,1.4830913419800709,666.6054312897523,7.303876457188721
145,661.4256844461647,3.598759503015129,5.179746843587623,670.2041907927675,8.77850634660274
146,667.4802350602871,1.0866098322266469,2.7239557324803627,671.2908006249941,3.8105655647069625
147,670.9397875641207,3.7536990454886117,0.35101306087335615,675.0444996704827,4.104712106361944
148,675.6910243104696,4.538103678839116,0.0,680.2291279893087,4.538103678839093
149,681.0671137402818,1.995879497249622,0.0,683.0629932375314,1.9958794972495753
150,686.9809980082312,4.657659146116071,0.0,691.6386571543472,4.657659146116089
151,692.6653509985326,3.0055815488415494,0.0,695.6709325473742,3.005581548841519
152,695.5061811051909,4.080904169880224,0.16475144218327387,699.7518367172544,4.245655612063501
153,699.86094782916,4.239097145690624,0.0,704.1000449748506,4.239097145690607
154,703.7019114895646,5.44083303562097,0.39813348528593906,709.5408780104715,5.838966520906865
155,708.00920596696,1.171829941796164,1.5316720435114348,710.7127079522677,2.703501985307639
156,715.7270893600615,2.0274070102291697,0.0,717.7544963702907,2.027407010229126
157,722.8121040305429,1.260777649096438,0.0,724.0728816796393,1.2607776490964397
158,726.4361198548634,2.645070187582797,0.0,729.0811900424461,2.6450701875827463
159,730.0560286300241,3.667227338274945,0.0,733.7232559682991,3.6672273382749836
160,731.2668574908889,5.805204980725383,2.4563984774101755,739.5284609490245,8.261603458135596
161,734.270952924222,4.4693057003132015,5.257508024802519,743.9977666493377,9.726813725115676
162,735.4228833021705,4.912319036077023,8.574883347167201,748.9100856854147,13.487202383244266
163,738.8922852006099,2.6444861422127715,10.017800484804866,751.5545718276276,12.662286627017693
164,743.8624347934216,1.1508332135804498,7.6921370342059845,752.705405041208,8.842970247786411
165,749.9432042942443,4.018909677047045,2.7622007469636856,756.7243147182551,6.7811104240107625
166,754.5325858842104,2.206011502727126,2.191728834044625,758.9303262209822,4.39774033677179
167,756.285945638768,2.442135676717218,2.6443805822142394,761.3724618976995,5.0865162589315105
168,763.0655450607443,3.770078573895118,0.0,766.8356236346394,3.770078573895148
169,768.1452654388548,4.293986342282915,0.0,772.4392517811377,4.293986342282892
170,769.5949302582075,4.324955043002851,2.8443215229302723,776.7642068241406,7.16927656593316
171,774.6762180554528,3.4502633415283186,2.0879887686878646,780.2144701656689,5.538252110216149
172,776.560888576551,4.811266661070292,3.653581589117948,785.0257368267391,8.464848250188197
173,778.603288466391,3.0810480065678423,6.4224483603481985,788.106784833307,9.50349636691601
174,782.6202846275019,1.3161933021509404,5.4865002058051004,789.4229781354579,6.802693507956064
175,786.6899064654107,4.675392124437817,2.733071670047252,794.0983702598958,7.408463794485101
176,791.4835657428484,4.660160212554682,2.6148045170473324,798.7585304724505,7.274964729602061
177,797.8862929561982,4.030186272700574,0.8722375162523122,802.7887167451511,4.902423788952888
178,805.1865663722263,4.266005478713196,0.0,809.4525718509394,4.2660054787131685
179,810.6935986319751,5.439834523797332,0.0,816.1334331557724,5.4398345237973444
180,818.5741835801504,2.5576394794991044,0.0,821.1318230596495,2.55763947949913
181,822.7398845178747,3.2261967798337885,0.0,825.9660812977085,3.226196779833799
182,825.2680227454237,1.0076690478130321,0.698058552284806,826.9737503455215,1.7057276000978163
183,827.4109806590844,5.834939109220248,0.0,833.2459197683047,5.834939109220272
184,828.9328900456395,2.7247831609371387,4.313029722665192,835.9707029292418,7.037812883602328
185,833.5572743713797,4.124950174778075,2.4134285578621757,840.0956531040199,6.53837873264024
186,835.9452304216212,4.303113056289878,4.150422682398698,844.3987661603098,8.453535738688629
187,843.2882841861308,2.624445824013324,1.110481974179038,847.0232119843232,3.734927798192416
188,845.0643140423258,2.8686740664108896,1.9588979419974066,849.8918860507341,4.8275720084083105
189,847.0091105514426,5.4828366541143465,2.8827754992914834,855.3747227048484,8.365612153405777
190,850.2364717499078,4.597329789208949,5.138250954940645,859.9720524940574,9.735580744149615
191,851.4992021610216,1.2854427027866846,8.472850333035808,861.257495196844,9.758293035822476
192,856.7015378474871,2.656807098396759,4.555957349356959,863.9143022952408,7.2127644477536705
193,860.5766592822245,4.774524736878563,3.3376430130163044,868.6888270321193,8.112167749894866
194,867.1317606344463,4.458579676419124,1.5570663976729975,873.1474067085385,6.01564607409216
195,872.9772368797865,1.0419003943938496,0.17016982875202302,874.1893071029324,1.212070223145929
196,876.519502943316,2.7134950060204264,0.0,879.2329979493364,2.71349500602048
197,878.4454375802144,1.7022703927668932,0.7875603691220476,880.9352683421033,2.489830761888925
198,880.7936345691364,2.3420832854076314,0.14163377296688395,883.2773516275109,2.483717058374509
199,886.9917167047536,3.668845851026574,0.0,890.6605625557802,3.6688458510266173
200,889.7971063477005,4.161684291976531,0.8634562080796968,894.8222468477567,5.025140500056182
201,895.5134464523907,1.4066069634660385,0.0,896.9200534158567,1.4066069634660607
202,898.0230037273167,5.56305771782784,0.0,903.5860614451445,5.56305771782786
203,904.1796778433599,2.3250475814453493,0.0,906.5047254248052,2.3250475814453466
204,909.746706603042,4.175847977950819,0.0,913.9225545809928,4.175847977950866
205,912.054412331853,1.7663845365316062,1.8681422491398507,915.6889391175245,3.6345267856714827
206,913.2577166972524,2.001097943609908,2.4312224202720927,917.6900370611344,4.432320363882013
207,914.8684397175696,3.829895687311125,2.821597343564804,921.5199327484455,6.65149303087594
208,918.5362668847763,2.279285461351982,2.9836658636692164,923.7992182097975,5.262951325021163
209,924.1572905807054,4.726801025566853,0.0,928.8840916062722,4.726801025566829
210,925.3390397905254,4.906601780986332,3.5450518157468878,933.7906933872586,8.451653596733195
211,932.4466335780379,5.626482384175597,1.3440598092206528,939.4171757714341,6.970542193396227
212,937.07416364462,1.7680061165744412,2.3430121268141875,941.1851818880086,4.111018243388685
213,942.0789095920787,4.141577547347666,0.0,946.2204871394264,4.1415775473476515
214,946.5319793216498,4.649728272566169,0.0,951.181707594216,4.649728272566222
215,951.5636303714268,4.7928391618566,0.0,956.3564695332834,4.792839161856591
216,957.1509439119959,1.1094297320975852,0.0,958.2603736440935,1.1094297320976239
217,961.0845681269471,5.613520412846949,0.0,966.6980885397941,5.613520412846924
218,962.8130470639792,5.8676844664533485,3.8850414758148872,972.5657730062475,9.752725942268285
219,966.1333104884347,5.82042872976017,6.4324625178127235,978.3862017360076,12.252891247572848
220,973.4336017135402,5.604326385037999,4.952600022467436,983.9905281210456,10.556926407505443
221,977.3704847370539,5.303819275053079,6.620043383991742,989.2943473960987,11.923862659044858
222,979.6931554323721,3.4380118731287976,9.601191963726592,992.7323592692275,13.039203836855336
223,987.6746405067993,3.520523367681341,5.0577187624281805,996.2528826369088,8.578242130109516
224,989.7818025934573,5.334113276090485,6.4710800434514795,1001.5869959129993,11.805193319542013
225,996.1041572273999,3.4112902132851226,5.482838685599404,1004.9982861262845,8.89412889888456
226,1003.8304557918201,2.625241301662676,1.1678303344643837,1007.6235274279471,3.7930716361270242
227,1009.4707420609617,4.8264889170285,0.0,1014.2972309779902,4.826488917028541
228,1015.4326693111074,1.0703887632030686,0.0,1016.5030580743104,1.0703887632030273
229,1018.658195569123,4.477553614094653,0.0,1023.1357491832176,4.4775536140946315
230,1026.6124599222073,3.728941409018444,0.0,1030.3414013312258,3.728941409018489
231,1031.2677145618327,4.851462823945485,0.0,1036.1191773857781,4.85146282394544
232,1033.1083978309102,1.1104353256239805,3.010779554867895,1037.229612711402,4.121214880491834
233,1039.0731843259805,2.6620821659519076,0.0,1041.7352664919324,2.662082165951915
234,1046.9688461337084,5.005237102456412,0.0,1051.974083236165,5.005237102456476
235,1051.589131496307,3.3783263635778034,0.38495173985802467,1055.3524095997427,3.763278103435823
236,1052.6066562924418,4.834846811217997,2.7457533073009017,1060.1872564109608,7.580600118518987
237,1059.8250142917027,5.790771699565319,0.3622421192580987,1065.978028110526,6.1530138188234105
238,1063.0132167596455,3.105345934982047,2.964811350880609,1069.0833740455082,6.070157285862706
239,1067.5210157827976,3.7949201043857674,1.5623582627106316,1072.878294149894,5.357278367096342
240,1068.716206697906,4.236531529723895,4.1620874519878726,1077.1148256796178,8.398618981711707
241,1075.5813527253947,4.221337105814339,1.5334729542230434,1081.3361627854322,5.754810060037471
242,1083.3925083855058,2.8794897642417316,0.0,1086.2719981497476,2.8794897642417254
243,1086.3958285553385,4.857401847572983,0.0,1091.2532304029114,4.8574018475728735
244,1091.7841539463043,4.282540130365023,0.0,1096.0666940766694,4.282540130365078
245,1093.0850789754334,2.8661415991685693,2.9816151012360024,1098.9328356758379,5.847756700404489
246,1095.263658065642,5.895695566257833,3.669177610195902,1104.8285312420958,9.56487317645383
247,1101.9895666228033,3.360680975340829,2.838964619292483,1108.1892122174365,6.199645594633239
248,1106.8330422660379,2.9303559083744792,1.3561699513986696,1111.119568125811,4.286525859773064
249,1111.1949309446547,3.678473657423046,0.0,1114.8734046020777,3.6784736574229555
250,1119.1601595258549,2.078720947761048,0.0,1121.2388804736158,2.078720947760985
251,1127.0653465762718,5.5016622735570255,0.0,1132.5670088498289,5.501662273557031
252,1134.8726801004625,3.819563322467448,0.0,1138.69224342293,3.819563322467502
253,1142.2766146151369,4.740614525692026,0.0,1147.017229140829,4.740614525692081
254,1149.8929739963862,3.4173342114331113,0.0,1153.3103082078194,3.4173342114331717
255,1157.0054391694925,4.671725783177163,0.0,1161.6771649526697,4.67172578317718
256,1164.429381951827,2.9120995493146657,0.0,1167.3414815011417,2.9120995493146893
257,1168.04875112549,3.100010313842471,0.0,1171.1487614393325,3.1000103138424038
258,1171.4818861009521,3.111657994467157,0.0,1174.5935440954192,3.111657994467123
259,1178.068401145105,4.6010901232862365,0.0,1182.6694912683913,4.6010901232862125
260,1182.3265901135076,5.672815587558905,0.34290115488374795,1188.3423068559503,6.015716742442692
261,1186.0176433047918,4.361184936703637,2.3246635511584373,1192.703491792654,6.685848487862131
262,1192.7537391857174,4.076779073134972,0.0,1196.8305182588524,4.076779073134958
263,1194.6979365908685,1.4505833799667096,2.1325816679839136,1198.281101638819,3.583165047950615
264,1198.8562779418567,1.8619809634241977,0.0,1200.718258905281,1.8619809634242301
265,1202.5111195448976,1.3222717729224234,0.0,1203.83339131782,1.3222717729224769
266,1204.635188764824,5.71073045710736,0.0,1210.3459192219314,5.710730457107275
267,1212.1024193840392,2.914721060654123,0.0,1215.0171404446933,2.914721060654074
268,1217.2326996527368,3.4127912428353966,0.0,1220.645490895572,3.412791242835283
269,1222.3557883354867,5.1286093620796285,0.0,1227.4843976975665,5.128609362079715
270,1223.7423992271688,2.165052187189578,3.741998470397675,1229.649449884756,5.907050657587206
271,1230.1190390929435,2.490576104779318,0.0,1232.6096151977229,2.490576104779393
272,1233.949054548792,1.4293599098402856,0.0,1235.3784144586323,1.4293599098402865
273,1239.3640105300906,3.89692536015731,0.0,1243.260935890248,3.896925360157411
274,1243.593222719689,3.3641293498993887,0.0,1246.9573520695885,3.3641293498994855
275,1249.0647420230089,4.440335147712787,0.0,1253.5050771707217,4.440335147712858
276,1253.2544429655075,4.991460668552774,0.2506342052142827,1258.4965378392744,5.242094873766973
277,1254.345951546663,1.723427773137955,4.150586292611479,1260.2199656124124,5.874014065749407
278,1258.6815959152716,2.9654251662576474,1.5383696971407517,1263.18539077867,4.503794863398298
279,1262.4329912548267,4.103813165244786,0.7523995238432235,1267.2892039439146,4.856212689087897
280,1265.6918793331247,4.6502146658223324,1.597324610789883,1271.939418609737,6.247539276612315
281,1271.4038378616506,5.7249250273974965,0.5355807480864314,1277.6643436371346,6.2605057754840345
282,1272.7271778493864,3.3433747024055984,4.937165787748199,1281.0077183395401,8.280540490153726
283,1280.638080840294,4.853630486384976,0.3696374992462097,1285.861348825925,5.223267985631082
284,1287.5399234368267,1.5456751640933306,0.0,1289.08559860092,1.5456751640933817
285,1290.3773956783057,4.421125051370252,0.0,1294.7985207296758,4.421125051370154
286,1294.025859359989,3.6409436259311665,0.7726613696868299,1298.439464355607,4.413604995618016
287,1297.5768029897397,2.2262855564661317,0.862661365867325,1300.6657499120731,3.0889469223334345
288,1303.9609138792305,2.17274919918481,0.0,1306.1336630784153,2.1727491991848638
289,1310.0725218658997,4.691173899029603,0.0,1314.7636957649293,4.691173899029536
290,1312.6807045137668,1.5970944111958114,2.0829912511624116,1316.360790176125,3.680085662358124
291,1319.0204866867941,2.630072652513636,0.0,1321.6505593393078,2.630072652513718
292,1324.8608521273911,2.4251627511015723,0.0,1327.2860148784928,2.4251627511016522
293,1326.5873935059335,2.2308866979288275,0.6986213725592734,1329.5169015764216,2.9295080704880547
294,1328.8434438571937,2.208112537078013,0.6734577192278266,1331.7250141134996,2.8815702563058494
295,1333.241381547051,1.689812917279677,0.0,1334.9311944643307,1.6898129172795961
296,1337.117637082339,3.4482470319953915,0.0,1340.5658841143343,3.448247031995379
297,1340.9220905679142,5.247884866422991,0.0,1346.1699754343372,5.2478848664229645
298,1344.6723410995405,3.310392698525641,1.4976343347966576,1349.4803681328628,4.8080270333223325
299,1348.3863903521835,5.722332147067903,1.0939777806793245,1355.2027002799307,6.81630992774717
300,1354.866396220657,2.858297714171738,0.3363040592737434,1358.0609979941025,3.1946017734455836
301,1356.8548737913416,2.8687787771749207,1.206124202760975,1360.9297767712774,4.074902979935814
302,1361.233374613644,4.804062936215518,0.0,1366.0374375498595,4.804062936215587
303,1366.471454038915,5.426023802369461,0.0,1371.8974778412844,5.4260238023694
304,1371.9259475806216,3.8499559245813444,0.0,1375.775903505203,3.849955924581309
305,1375.5437047634484,3.479281329253678,0.2321987417544733,1379.2551848344565,3.7114800710080544
306,1378.3074311424675,2.3626290290104266,0.9477536919889644,1381.6178138634668,3.310382720999314
307,1384.6440414751733,3.7626414028422426,0.0,1388.4066828780155,3.7626414028422914
308,1389.4551649651896,4.58646406533121,0.0,1394.0416290305209,4.586464065331256
309,1395.378819192501,2.677096838474932,0.0,1398.0559160309758,2.6770968384748812
310,1402.810512648833,5.671952149013921,0.0,1408.4824647978471,5.671952149014032
311,1409.7738139366331,2.6304774276544434,0.0,1412.4042913642875,2.6304774276543412
312,1412.6893038000583,1.2795252846324265,0.0,1413.9688290846907,1.2795252846324274
313,1420.5121916982732,3.073003858075349,0.0,1423.5851955563485,3.0730038580752534
314,1424.038903655465,2.3707312193497656,0.0,1426.4096348748149,2.3707312193498637
315,1425.5943497736498,2.4497050051451787,0.8152851011650455,1428.85933987996,3.264990106310279
316,1431.8095166507037,5.899872813217574,0.0,1437.7093894639213,5.899872813217598
317,1436.4015441358135,4.047259999328584,1.30784532810776,1441.75664946325,5.355105327436377
318,1437.512090625571,1.9218477928310325,4.244558837678824,1443.6784972560808,6.166406630509755
319,1438.9345420555783,1.481505370216715,4.743955200502569,1445.1600026262975,6.225460570719179
320,1443.2162912524607,3.7122008393513912,1.943711373836777,1448.872203465649,5.6559122131882305
321,1448.2714374674265,4.119247399735405,0.600765998222414,1452.9914508653844,4.720013397957928
322,1453.186441559731,1.9752585655774708,0.0,1455.1617001253085,1.9752585655774055
323,1455.5421874578444,2.7362100077000964,0.0,1458.2783974655445,2.7362100077000377
324,1460.1197525843615,1.177653402954168,0.0,1461.2974059873156,1.1776534029540926
325,1466.5686978188346,1.1797878618110378,0.0,1467.7484856806457,1.1797878618110644
326,1473.2993936894638,2.9584383683834616,0.0,1476.2578320578473,2.9584383683834403
327,1480.193562782793,2.1549036332580553,0.0,1482.348466416051,2.1549036332580727
328,1485.4246329254263,4.339127202381938,0.0,1489.7637601278082,4.33912720238186
329,1490.741702074919,5.436027904717451,0.0,1496.1777299796365,5.436027904717548
330,1498.2559883676624,4.483151325606052,0.0,1502.7391396932685,4.483151325606059
331,1500.6598313223249,3.7490119440681187,2.079308370943636,1506.4881516373366,5.8283203150117515
332,1503.9201000723504,4.872779613688561,2.5680515649862627,1511.3609312510252,7.440831178674898
333,1509.993300959001,5.910231781006115,1.3676302920241596,1517.2711630320314,7.277862073030292
334,1511.340387871672,5.19514189526309,5.930775160359417,1522.4663049272945,11.125917055622494
335,1514.5665404738902,1.4313544699743677,7.899764453404259,1523.8976593972689,9.331118923378654
336,1516.656487792759,2.9035849313947617,7.241171604509873,1526.8012443286636,10.144756535904662
337,1518.1665621740508,5.310645020851159,8.634682154612847,1532.1118893495147,13.945327175463945
338,1524.741247660233,4.74808399952746,7.370641689281683,1536.859973349042,12.118725688809036
339,1528.2935480132176,5.270447233738273,8.566425335824533,1542.1304205827803,13.836872569562729
340,1534.9453662503572,3.761720969390038,7.1850543324230784,1545.8921415521704,10.946775301813204
341,1536.6387760990353,2.216244632619803,9.253365453135075,1548.10838618479,11.469610085754766
342,1540.0957551199983,4.116132429173764,8.012631064791776,1552.224518613964,12.128763493965607
343,1546.8665415739658,4.424959014788741,5.357977039998104,1556.6494776287527,9.782936054786887
344,1550.6851666798489,3.3994645749155037,5.964310948903858,1560.0489422036683,9.363775523819413
345,1553.464237761574,1.7206357608232579,6.584704442094335,1561.7695779644916,8.305340202917705
346,1560.9136559753974,5.840781734110476,0.8559219890942131,1567.6103596986022,6.6967037232047915
347,1567.7764601452002,5.12721133770308,0.0,1572.9036714829033,5.127211337703102
348,1575.376262874914,3.2139716993232286,0.0,1578.5902345742372,3.213971699323338
349,1578.171421722362,1.6620138678898635,0.4188128518751455,1580.252248442127,2.0808267197649
350,1581.1159578821866,5.468312628360732,0.0,1586.5842705105474,5.4683126283607635
351,1583.8478349004752,3.7939175829920493,2.736435610072249,1590.3781880935394,6.530353193064229
352,1588.0068708199944,4.443439509676001,2.371317273544946,1594.8216276032153,6.814756783220901
353,1593.1732216750856,3.17298821941526,1.648405928129705,1597.9946158226305,4.821394147544879
354,1595.6652369812605,2.9652458820875705,2.329378841370044,1600.9598617047182,5.294624723457673
355,1599.41720978055,3.7518368095959733,1.54265192416824,1604.711698514314,5.294488733764183
356,1600.9228438093303,3.779326535845898,3.7888547049838053,1608.49102505016,7.568181240829745
357,1607.4020014809378,5.240959231121378,1.0890235692222632,1613.7319842812815,6.329982800343714
358,1612.8732151418526,4.323250501749182,0.8587691394288868,1618.0552347830308,5.182019641178158
359,1614.0387394699985,1.8056733232993367,4.016495313032237,1619.86090810633,5.822168636331526
360,1620.4756058412063,3.832738424950205,0.0,1624.3083442661564,3.8327384249500938
361,1626.7237163516606,3.7902211530910033,0.0,1630.5139375047515,3.790221153090897
362,1631.8340342382307,1.3347039317183813,0.0,1633.1687381699492,1.3347039317184226
363,1635.486286400615,1.1741231242050645,0.0,1636.6604095248201,1.1741231242051526
364,1641.136441776427,3.4207747051689283,0.0,1644.557216481596,3.420774705168924
365,1642.1923541117183,5.0657498117171205,2.3648623698777556,1649.622966293313,7.4306121815948245
366,1644.9719792735211,4.3219536728305865,4.650987019791955,1653.9449199661437,8.972940692622615
367,1647.5740028675484,3.489223043998922,6.370917098595328,1657.4341430101426,9.860140142594219
368,1650.8933849797268,4.506263977715453,6.540758030415873,1661.940406987858,11.047022008131307
369,1654.6888374655655,2.414509422733058,7.251569522292584,1664.3549164105912,9.666078945025674
370,1662.338430372353,4.0329341322619445,2.0164860382380994,1668.3878505428531,6.0494201705000705
371,1670.2189350449773,4.939997553235939,0.0,1675.1589325982134,4.939997553236026
372,1673.8846592829925,3.9950003632829683,1.274273315220853,1679.1539329614964,5.2692736785038505
373,1678.5857928777473,3.3808861490758924,0.5681400837490855,1682.5348191105722,3.949026232824963
374,1681.3985820282066,5.11445769588023,1.1362370823655965,1687.6492768064525,6.2506947782458155
375,1683.1554851963053,2.0853651060667238,4.493791610147127,1689.7346419125192,6.579156716213902
376,1689.0944658609324,3.3605038810907453,0.6401760515868773,1693.09514579361,4.000679932677713
377,1696.1267208758932,5.939803647723177,0.0,1702.0665245236164,5.939803647723238
378,1697.4152437590676,1.9626868987861492,4.651280764548801,1704.0292114224026,6.613967663334961
379,1703.9349739612514,5.811524706628795,0.09423746115112408,1709.8407361290313,5.905762167779812
380,1706.4822119317967,3.4694350909063436,3.358524197234601,1713.3101712199375,6.827959288140846
381,1710.6011768800781,3.106989800010379,2.708994339859373,1716.4171610199478,5.81598413986967
382,1713.2870208376119,1.1908556868218252,3.1301401823359356,1717.6080167067696,4.320995869157741
383,1717.4154073370205,2.4440474883962846,0.19260936974910692,1720.052064195166,2.636656858145443
384,1723.4457909221292,2.703120703715725,0.0,1726.148911625845,2.70312070371574
385,1728.4052072051359,1.8554658193146636,0.0,1730.2606730244506,1.8554658193147588
386,1732.0025557212123,5.483965603834092,0.0,1737.4865213250464,5.483965603834122
387,1734.842744724293,5.532309162002334,2.6437766007534265,1743.0188304870487,8.176085762755747
388,1741.6378198589725,1.228953726356174,1.381010628076183,1744.2477842134049,2.60996435443235
389,1749.3810197911948,1.743289434369122,0.0,1751.124309225564,1.743289434369217
390,1754.505545313435,1.6149912060169345,0.0,1756.120536519452,1.614991206016839
391,1762.3049353609788,2.4277696180934125,0.0,1764.7327049790722,2.427769618093407
392,1767.0899211273804,2.5338959854526575,0.0,1769.623817112833,2.5338959854525456
393,1771.950124759565,1.2954474975635213,0.0,1773.2455722571285,1.2954474975636003
394,1778.7127498516652,3.5924057491579506,0.0,1782.3051556008231,3.5924057491579333
395,1780.2415790483994,2.851054591628726,2.063576552423683,1785.156210192452,4.914631144052464
396,1786.9457898258065,5.377206798781528,0.0,1792.322996624588,5.377206798781572
397,1791.84751473185,1.7411962198142574,0.4754818927381166,1794.0641928444024,2.216678112552472
398,1795.8213856715204,2.0881437263664195,0.0,1797.909529397887,2.088143726366525
399,1799.7634996685267,3.1252136890732864,0.0,1802.8887133576,3.1252136890732345
400,1802.639592404067,1.670362099495894,0.2491209535330654,1804.5590754570958,1.9194830530288982
401,1806.3167460569182,5.767791740386259,0.0,1812.0845377973044,5.767791740386201
402,1812.2742416055517,2.034677679837015,0.0,1814.3089192853886,2.034677679836932
403,1818.7146958149597,2.857474578048789,0.0,1821.5721703930085,2.857474578048823
404,1822.6148587136836,5.80047238771823,0.0,1828.4153311014018,5.800472387718173
405,1825.574459588692,5.9367792055102395,2.840871512709782,1834.352110306912,8.777650718220002
406,1830.6050120550149,2.424851116707917,3.747098251897114,1836.77696142362,6.1719493686050555
407,1835.658133638126,1.2683759166057014,1.118827785493977,1838.0453373402256,2.3872037020996686
408,1842.598584450713,5.621193911333553,0.0,1848.2197783620466,5.621193911333648
409,1848.864057135958,3.705639901576582,0.0,1852.5696970375348,3.70563990157666
410,1850.4055107426839,4.1038107534075365,2.1641862948508788,1856.6735077909423,6.267997048258394
411,1854.9086428795038,4.1019538028841565,1.764864911438508,1860.7754615938263,5.866818714322562
412,1857.1625956456555,2.676382614754905,3.6128659481707928,1863.4518442085812,6.28924856292565
413,1861.691331155163,2.5082153958448967,1.760513053418208,1865.960059604426,4.268728449263108
414,1869.208681393259,3.905794123574208,0.0,1873.1144755168332,3.9057941235741964
415,1875.5177665856174,4.481282873891822,0.0,1879.9990494595093,4.481282873891814
416,1881.0225471522924,2.081115540501954,0.0,1883.1036626927944,2.081115540501969
417,1884.8782394473194,4.294842267271261,0.0,1889.1730817145906,4.294842267271179
418,1889.857486835351,4.344274447169839,0.0,1894.201761282521,4.344274447169937
419,1893.0332798961963,1.469473525243258,1.168481386324629,1895.6712348077642,2.637954911567931
420,1900.071195859449,5.2286652980499,0.0,1905.299861157499,5.228665298049918
421,1906.4322231773706,5.678453074909454,0.0,1912.11067625228,5.678453074909385
422,1913.166072617604,2.658845275249552,0.0,1915.8249178928536,2.6588452752496323
423,1921.0814683654223,5.874961417127524,0.0,1926.9564297825498,5.874961417127452
424,1928.9386125669691,1.495917111310249,0.0,1930.4345296782794,1.4959171113102911
425,1936.663125302057,1.4916632863777104,0.0,1938.1547885884347,1.4916632863776158
426,1942.9141416704833,3.1062406554846764,0.0,1946.020382325968,3.1062406554847257
427,1948.8076454451639,2.78061375980103,0.0,1951.588259204965,2.780613759801099
428,1954.8141050643585,1.798708149285023,0.0,1956.6128132136434,1.7987081492849484
429,1959.9493888203233,1.6888516867796146,0.0,1961.6382405071029,1.6888516867795715
430,1967.824601449026,4.6969622723614295,0.0,1972.5215637213873,4.696962272361361
431,1970.2507318348296,2.697451210809924,2.270831886557744,1975.2190149321973,4.968283097367703
432,1977.8117553387974,1.6755291376218386,0.0,1979.4872844764193,1.6755291376218793
433,1980.0165233837606,5.074112711352463,0.0,1985.090636095113,5.074112711352427
434,1981.6460929517764,2.4972332428874386,3.4445431433366593,1987.5878693380005,5.941776386224092
435,1988.865759702083,5.165615829437147,0.0,1994.0313755315203,5.165615829437229
436,1992.2995885084376,3.956142915878112,1.7317870230826884,1997.9875184473985,5.687929938960906
437,1995.051477160162,4.238317120019428,2.9360412872365487,2002.225835567418,7.1743584072560225
438,2002.9803791390668,2.4216517087626244,0.0,2005.4020308478293,2.4216517087625107
439,2007.5751833510117,5.070315531637164,0.0,2012.6454988826488,5.070315531637107
440,2012.1673045472799,2.1335216078250006,0.47819433536892575,2014.7790204904738,2.6117159431939854
441,2017.5533751141083,4.582583166158839,0.0,2022.1359582802672,4.582583166158884
442,2022.6980516407236,2.4986638603430524,0.0,2025.1967155010666,2.4986638603429583
443,2024.755055317266,2.344732812805783,0.44166018380065,2027.5414483138725,2.786392996606537
444,2029.1802617082933,2.6508314683043412,0.0,2031.8310931765977,2.650831468304432
445,2031.2405407810363,1.2283586970126639,0.5905523955614171,2033.0594518736104,1.818911092574126
446,2035.2949462683819,5.828058159623637,0.0,2041.1230044280055,5.828058159623652
447,2036.3673196096174,2.5363126539159984,4.75568481838809,2043.6593170819215,7.291997472304047
448,2041.5299098971716,5.408079930643608,2.12940718474988,2049.067397012565,7.537487115393333
449,2049.2515590749776,3.1515375574721327,0.0,2052.40309663245,3.1515375574722384
450,2052.543757350811,5.1306775471623975,0.0,2057.6744348979737,5.130677547162577
451,2058.35626853227,5.3677040031146595,0.0,2063.7239725353847,5.367704003114795
452,2064.675168769799,4.845783501110146,0.0,2069.5209522709088,4.845783501109963
453,2068.7970400044906,3.3374871758640117,0.7239122664182105,2072.858439446773,4.061399442282436
454,2071.6677488652517,5.417240044399577,1.1906905815212667,2078.2756794911725,6.607930625920744
455,2076.91103277982,4.375451970129351,1.3646467113526342,2082.6511314613017,5.740098681481868
456,2080.784911679114,2.532444954284355,1.866219782187727,2085.1835764155862,4.398664736472256
457,2082.9355507635787,4.3415779674142705,2.2480256520075272,2089.5251543830004,6.589603619421723
458,2085.007148022079,5.64948261458048,4.51800636092139,2095.174636997581,10.167488975501783
459,2088.0538381338265,3.7123799078478306,7.120798863754317,2098.8870169054285,10.833178771601979
460,2092.6454093420425,4.585470847931829,6.241607563385969,2103.4724877533604,10.82707841131787
461,2096.525672057681,1.786656127226364,6.946815695679561,2105.2591438805866,8.733471822905813
462,2102.1612120566947,4.879600083654842,3.0979318238919404,2110.1387439642413,7.977531907546563
463,2108.9968103238807,2.0393438973704816,1.1419336403605485,2112.178087861612,3.181277537731148
464,2114.5612642638525,5.282384671955878,0.0,2119.8436489358082,5.282384671955697
465,2119.8969113668327,5.071886855364592,0.0,2124.968798222197,5.0718868553644825
466,2123.9528144427604,3.1689504835803115,1.0159837794367377,2128.1377487057775,4.184934263017112
467,2128.0483805091344,3.5543878094818155,0.08936819664313589,2131.6921365152593,3.6437560061249314
468,2134.317192137924,1.6774108869576223,0.0,2135.9946030248816,1.6774108869576594
469,2136.950097813603,2.632145870078813,0.0,2139.5822436836816,2.6321458700786025
470,2143.5177186057945,3.610192594511335,0.0,2147.127911200306,3.610192594511318
471,2150.9640031602935,3.3946382751043216,0.0,2154.3586414353977,3.394638275104171
472,2156.449058609234,1.5798296882695615,0.0,2158.0288882975033,1.5798296882694558
473,2157.4962632976453,5.462904013032627,0.5326249998579442,2163.491792310536,5.995529012890529
474,2165.2489304625233,3.739888811183407,0.0,2168.9888192737067,3.7398888111833912
475,2166.844072840484,3.439722653562338,2.1447464332227355,2172.428541927269,5.584469086785248
476,2168.0289844892927,1.6767606778902358,4.399557437976455,2174.1053026051595,6.076318115866798
477,2170.6640374143567,4.5976625514432286,3.441265190802824,2178.7029651566027,8.03892774224596
478,2175.205765527686,1.2540817168023173,3.49719962891686,2179.957046873405,4.751281345719235
479,2180.4581888998387,1.560294619530336,0.0,2182.018483519369,1.5602946195303957
480,2182.52087277037,4.778474417112078,0.0,2187.299347187482,4.778474417112193
481,2189.2015441014487,3.0588873552828324,0.0,2192.2604314567316,3.0588873552828773
482,2193.3259086469816,3.8324710609865953,0.0,2197.1583797079684,3.8324710609867907
483,2195.3604192799,3.1702930568889145,1.7979604280685635,2200.3286727648574,4.968253484957586
484,2199.7193336114424,3.518324287735348,0.6093391534150214,2203.8469970525925,4.127663441150162
485,2204.022536861718,5.445289464418639,0.0,2209.4678263261367,5.445289464418693
486,2207.513661112267,5.173420370699297,1.9541652138696008,2214.641246696836,7.127585584568806
487,2210.245687513751,3.6847202936500665,4.39555918308497,2218.325966990486,8.080279476735086
488,2214.851913907255,2.7245936070384316,3.474053083230956,2221.0505605975245,6.19864669026947
489,2220.336003077803,2.391827882918644,0.7145575197214384,2223.4423884804432,3.1063854026401714
490,2224.3222825101047,2.337137966390304,0.0,2226.659420476495,2.337137966390401
491,2225.5026294185022,1.8260395422822042,1.1567910579929048,2228.4854600187773,2.982830600275065
492,2228.37445325836,3.1706165093594003,0.11100676041724,2231.6560765281365,3.2816232697764463
493,2229.669821587252,5.445717456912483,1.9862549408844643,2237.101793985049,7.431972397796926
494,2231.0915320550052,1.3567912591654832,6.010261930043725,2238.4585852442146,7.3670531892094
495,2232.874481955822,2.4228629927911807,5.5841032883927255,2240.8814482370058,8.00696628118385
496,2233.881735334554,5.464277859597267,6.999712902451847,2246.345726096603,12.46399076204898
497,2239.596562923216,1.2263851811723643,-2239.596562923216,0.0,-2239.596562923216
498,2246.000742711189,4.328686041895484,-2246.000742711189,0.0,-2246.000742711189
499,2246.000742711189,3.0941390183400816,-2246.000742711189,0.0,-2246.000742711189
